typed_by_dry,typed_by_fresh,recorded_by_fresh,recorded_by_dry,record_date_ymd,process_date_dry_ymd,process_date_fresh_ymd,block ,pot_ID,treatment,above_fresh_g,above_dry_g,remarks
LB,KW,GX,LB,2018-09-28,2018-10-04,2018-10-03,B1,DASP-01,WD,4,1.0888,"changed from ""WW"" to ""WD"""
SK,SK,GX,SK,2018-10-01,2018-10-15,2018-10-01,B4,DASP-02,WD,1.58,0.505,
SK,SK,GX,SK,2018-10-01,2018-10-15,2018-10-01,B3,DASP-03,WD,4.17,1.069,
GX,GX,GX,GX,2018-10-02,2018-10-16,2018-10-02,B4,DASP-04,WW,4.09,1.25,
GX,GX,GX,GX,2018-10-02,2018-10-16,2018-10-02,B2,DASP-05,WW,4.28,1.36,
SK,SK,GX,SK,2018-10-15,2018-10-15,2018-10-15,B2,DASP-06,WD,2.92,0.821,No ABF name or date. (SK)
GX,GX,GX,GX,2018-10-02,2018-10-16,2018-10-02,B3,DASP-07,WW,1.21,0.48,
SK,SK,GX,GX,2018-09-24,2018-09-26,2018-09-24,B5,DASP-08,WD,1.51,0.367,assume that dry weight was taken at 9/26 (SK)
LB,KW,GX,LB,2018-09-28,2018-10-04,2018-10-03,B1,DASP-09,WW,1.97,0.7067,
LB,KW,GX,LB,2018-09-28,2018-10-04,2018-10-03,B3,DASP-10,WW,6,1.9901,
GX,GX,GX,GX,2018-10-02,2018-10-16,2018-10-02,B5,DASP-11,WW,3.81,1.24,
-,-,-,-,-,-,-,B1,DASP-12,WD,-,-,dead plant
LB,KW,GX,LB,2018-09-28,2018-10-04,2018-10-03,B5,DASP-13,WW,2,0.651,
GX,GX,GX,GX,2018-10-02,2018-10-16,2018-10-02,B3,DASP-14,WD,5.89,1.78,
SK,SK,GX,SK,2018-10-02,2018-10-15,2018-10-02,B2,DASP-15,WD,0.66,0.158,
LB,KW,GX,LB,2018-09-28,2018-10-04,2018-10-03,B4,DASP-16,WW,6,1.5732,Nothing in the bag. To be ruled out.
SK,SK,GX,SK,2018-10-02,2018-10-15,2018-10-02,B1,DASP-17,WW,2.25,0.617,
SK,SK,GX,SK,2018-10-01,2018-10-15,2018-10-01,B2,DASP-18,WW,1.81,0.629,
SK,SK,GX,SK,2018-10-01,2018-10-15,2018-10-01,B5,DASP-19,WD,3.18,1.039,
-,-,-,-,-,-,-,B4,DASP-20,WD,-,-,dead plant
GK,GX,GX,GK,2018-10-10,2018-10-22,2018-10-10,B2,DEFL-01,WD,10,5.61,
GX,GX,GX,GX,2018-10-09,2018-10-22,2018-10-09,B1,DEFL-02,WW,8,3.89,
GX,GX,GX,GX,2018-10-09,2018-10-16,2018-10-09,B5,DEFL-03,WW,15,7.15,Changed dry weight from 8g to weight on the bag which is 7.15 (GK)
GK,GX,GX,GK,2018-10-10,2018-10-22,2018-10-10,B4,DEFL-04,WD,9,5.41,
GX,GX,GX,GX,2018-10-09,2018-10-22,2018-10-09,B3,DEFL-05,WW,17,8.68,
GX,GX,GX,GX,2018-10-09,2018-10-22,2018-10-09,B3,DEFL-06,WD,12,6.05,Block changed from B1 to B3 because bag has B3 on it (GK)
GX,GX,GX,GX,2018-10-09,2018-10-22,2018-10-09,B5,DEFL-07,WD,11,5.29,Put GX signature for typed by dry and recorded by dry (GK)
LB,KW,GX,LB,2018-09-25,2018-10-04,2018-10-03,B5,DEFL-08,WD,12,7,
GK,GX,GX,GK,2018-10-10,2018-10-22,2018-10-10,B2,DEFL-09,WW,11,5.93,
GK,GX,SX,GK,2018-10-10,2018-10-22,2018-10-10,B3,DEFL-10,WD,8,4.17,
GK,GX,GX,GK,2018-10-09,2018-10-22,2018-10-10,B4,DEFL-11,WW,12,6,
GX,GX,GX,GX,2018-10-09,2018-10-22,2018-10-09,B3,DEFL-12,WW,16,8.22,
GK,SK,GX,GK,2018-10-10,2018-10-22,2018-10-10,B1,DEFL-13,WD,10,5.13,
GK,GX,GX,GK,2018-10-09,2018-10-22,2018-10-09,B4,DEFL-14,WD,10,4.76,
GK,GX,LB,GK,2018-10-10,2018-10-22,2018-10-10,B1,DEFL-15,WW,7,3.87,"Record date is the date that is on the bag, i am unsure if the process date fresh is the same date, changed from WD to WW (GK)"
GX,GX,GX,GX,2018-10-09,2018-10-22,2018-10-09,B2,DEFL-16,WW,9,4.48,
GK,GX,GX,GK,2018-10-09,2018-10-22,2018-10-09,B5,DEFL-17,WW,12,6,
GK,GX,GX,GK,2018-10-09,2018-10-22,2018-10-09,B1,DEFL-18,WD,10,4.58,
GX,GX,GX,GX,2018-10-09,2018-10-22,2018-10-09,B4,DEFL-19,WW,12,6.32,
GK,GX,GX,GK,2018-10-10,2018-10-22,2018-10-10,B2,DEFL-20,WD,6,3.86,
LB,KW,GX,LB,2018-09-25,2018-10-04,2018-10-03,B4,EMNI-08,WD,0.0149,0.0099,"ABF on bag unclear, taken as 0.0149 g (LB)"
LB,KW,GX,LB,2018-09-26,2018-10-04,2018-10-03,B5,EMNI-06,WW,0.0255,0.0189,
LB,KW,GX,LB,2018-09-25,2018-10-04,2018-10-03,B3,EMNI-18,WD,0.0266,0.0108,
LB,KW,GX,LB,2018-09-25,2018-10-04,2018-10-03,B1,EMNI-02,WW,0.0269,0.0178,
LB,KW,GX,LB,2018-09-25,2018-10-04,2018-10-03,B3,EMNI-09,WD,0.0283,0.0102,
LB,KW,GX,LB,2018-09-27,2018-10-04,2018-10-03,B4,EMNI-14,WD,0.0305,0.0159,"changed from ""EMNI-04"" to ""EMNI-14""; typo (GX)"
LB,KW,GX,LB,2018-09-27,2018-10-04,2018-10-03,B1,EMNI-13,WD,0.0372,0.0202,
LB,KW,GX,LB,2018-09-25,2018-10-04,2018-10-03,B5,EMNI-17,WD,0.0409,0.0279,
LB,KW,GX,LB,2018-09-26,2018-10-04,2018-10-03,B4,EMNI-19,WW,0.0458,0.0313,
LB,KW,GX,LB,2018-09-25,2018-10-04,2018-10-03,B2,EMNI-20,WW,0.0731,0.038,
LB,KW,GX,LB,2018-09-25,2018-10-04,2018-10-03,B4,EMNI-10,WW,0.1054,0.0365,date unclear on bag (KW)
-,-,-,-,-,-,-,B1,EMNI-01,WW,-,-,dead plant
-,-,-,-,-,-,-,B5,EMNI-03,WD,-,-,dead plant
-,-,-,-,-,-,-,B5,EMNI-04,WD,-,-,dead plant
-,-,-,-,-,-,-,B3,EMNI-05,WD,-,-,dead plant
-,-,-,-,-,-,-,B2,EMNI-07,WW,-,-,dead plant
-,-,-,-,-,-,-,B3,EMNI-11,WW,-,-,dead plant
-,-,-,-,-,-,-,B1,EMNI-12,WD,-,-,dead plant
-,-,-,-,-,-,-,B2,EMNI-15,WD,-,-,dead plant
-,-,-,-,-,-,-,B3,EMNI-16,WW,-,-,"dead plant; changed from ""EMNI-??"" to ""EMNI-16"""
RI,RI,BI,GX,2018-10-04,2018-09-25,2018-09-23,B5,FERU-08,WD,7.96,2.29,assume the dry weight was taken at 9/25 (RI)
SK,SK,GK,GX,2018-09-24,2018-09-26,2018-09-24,B1,FERU-01,WD,12.1571,4,assume that dry weight was taken at 9/26 (SK)
GK,GX,GX,GK,2018-10-10,2018-10-22,2018-10-10,B4,FERU-02,WW,14,9.04,typo; changed from WD to WW (GX)
GK,GX,GX,GK,2018-10-11,2018-10-22,2018-10-11,B1,FERU-03,WW,12,9.16,
SK,SK,GK,GX,2018-10-04,2018-09-26,2018-09-24,B4,FERU-04,WD,17.7935,7,assume that dry weight was taken at 9/26 (SK)
GK,GX,GX,GK,2018-10-10,2018-10-22,2018-10-10,B1,FERU-05,WD,13,5.31,
GK,GX,GX,GK,2018-10-10,2018-10-22,2018-10-10,B2,FERU-06,WD,13,5.12,
GK,GX,GX,GK,2018-10-11,2018-10-22,2018-10-11,B3,FERU-07,WW,8,3.29,
RI,RI,GX,GX,2018-09-24,2018-09-26,2018-09-24,B4,FERU-09,WD,22.9,10,assume that dry weight was taken at 9/26 (RI)
SK,SK,GX,GX,2018-09-24,2018-09-26,2018-09-24,B5,FERU-10,WD,8.85,4,assume that dry weight was taken at 9/26 (SK)
GK,GX,GX,GK,2018-10-10,2018-10-22,2018-10-10,B5,FERU-11,WW,10,7.08,
GK,GX,GX,GK,2018-10-10,2018-10-22,2018-10-10,B2,FERU-12,WW,12,8.31,
RI,RI,GX,GX,2018-09-24,2018-09-26,2018-09-24,B3,FERU-13,WD,41,9,assume that dry weight was taken at 9/26 (RI)
GK,GX,GX,GK,2018-10-11,2018-10-22,2018-10-11,B2,FERU-14,WW,8,6,
SK,SK,GX,GX,2018-09-24,2018-09-26,2018-09-24,B5,FERU-15,WD,11.5,4.0061,assume that dry weight was taken at 9/26 (SK)
GK,GX,GX,GK,2018-10-11,2018-10-22,2018-10-11,B1,FERU-16,WW,11,7,
GK,GX,GX,GK,2018-10-11,2018-10-22,2018-10-11,B5,FERU-17,WW,15,11.51,"Your initial ""GX"" was already in the recorded_by_dry column but no above_dry_g was recorded so I put my initials in with yours and weighed the biomass (GX)"
GK,GX,GX,GK,2018-10-11,2018-10-22,2018-10-11,B3,FERU-18,WW,11,10,
GK,GX,GX,GK,2018-10-10,2018-10-22,2018-10-10,B2,FERU-19,WD,33,12.46,
GK,GX,GX,GK,2018-10-10,2018-10-22,2018-10-10,B4,FERU-20,WW,10,5.32,
LB,KW,GX,LB,2018-09-27,2018-10-04,2018-10-03,B2,PLMA-01,WW,19,5,
LB,KW,GX,LB,2018-09-26,2018-10-04,2018-10-03,B3,PLMA-02,WD,16,6,duplicate of PLMA-12 (LB); changed from B3 PLMA-12 WW to B3 PLMA-02 WD (GX)
LB,KW,GX,LB,2018-09-26,2018-10-04,2018-10-03,B4,PLMA-03,WW,30,8,
GX,GX,GX,GX,2018-10-02,2018-10-16,2018-10-02,B3,PLMA-04,WW,8.19,5.92,
LB,KW,GX,LB,2018-09-27,2018-10-04,2018-10-03,B1,PLMA-05,WW,23.085,5,
LB,KW,GX,LB,2018-09-28,2018-10-04,2018-10-03,B2,PLMA-06,WD,14,3.0068,
LB,KW,GX,LB,2018-09-26,2018-10-04,2018-10-03,B4,PLMA-07,WD,21,7,
LB,KW,GX,LB,2018-09-26,2018-10-04,2018-10-03,B5,PLMA-08,WW,25,9,
LB,KW,GX,LB,2018-09-27,2018-10-04,2018-10-03,B4,PLMA-09,WW,18,6,
LB,KW,GX,LB,2018-09-27,2018-10-04,2018-10-03,B1,PLMA-10,WD,14,3.6318,
LB,KW,GX,LB,2018-09-28,2018-10-04,2018-10-03,B1,PLMA-11,WW,8,2.6523,
LB,KW,GX,LB,2018-09-26,2018-10-04,2018-10-03,B3,PLMA-12,WW,18,7,duplicate of PLMA-12 (LB); kept this as B3 PLMA WW (GX)
LB,KW,GX,LB,2018-09-27,2018-10-04,2018-10-03,B4,PLMA-13,WD,13,3.7316,
GX,KW?,KW?,GX,2018-09-27,2018-10-16,2018-09-27,B3,PLMA-14,WD,14.559,3.09,"based off of aboveground traits database, looks like Ryan's writing (GX)"
RI,RI,GX,GX,2018-09-24,2018-09-26,2018-09-24,B5,PLMA-15,WD,14.19,2.42,missing bag (LB)
LB,KW,GX,LB,2018-09-28,2018-10-04,2018-10-03,B1,PLMA-16,WD,9,1.4197,
LB,KW,GX,LB,2018-09-28,2018-10-04,2018-10-03,B2,PLMA-17,WW,28,7.3518,
LB,KW,GX,LB,2018-09-27,2018-10-04,2018-10-03,B2,PLMA-18,WD,12,3,
LB,KW,GX,LB,2018-09-26,2018-10-04,2018-10-03,B5,PLMA-19,WD,76,5,
LB,KW,GX,LB,2018-09-26,2018-10-04,2018-10-03,B5,PLMA-20,WW,21,3.2,
-,-,-,-,-,-,-,B1,SC-01,WD,-,-,soil-only control (GX)
-,-,-,-,-,-,-,B3,SC-02,WD,-,-,soil-only control (GX)
-,-,-,-,-,-,-,B4,SC-03,WD,-,-,soil-only control (GX)
-,-,-,-,-,-,-,B5,SC-04,WW,-,-,soil-only control (GX)
-,-,-,-,-,-,-,B4,SC-05,WW,-,-,soil-only control (GX)
-,-,-,-,-,-,-,B5,SC-06,WW,-,-,soil-only control (GX)
-,-,-,-,-,-,-,B2,SC-07,WD,-,-,soil-only control (GX)
-,-,-,-,-,-,-,B5,SC-08,WD,-,-,soil-only control (GX)
-,-,-,-,-,-,-,B1,SC-09,WW,-,-,soil-only control (GX)
-,-,-,-,-,-,-,B4,SC-10,WW,-,-,soil-only control (GX)
-,-,-,-,-,-,-,B2,SC-11,WD,-,-,soil-only control (GX)
-,-,-,-,-,-,-,B2,SC-12,WW,-,-,soil-only control (GX)
-,-,-,-,-,-,-,B3,SC-13,WD,-,-,soil-only control (GX)
-,-,-,-,-,-,-,B1,SC-14,WW,-,-,soil-only control (GX)
-,-,-,-,-,-,-,B1,SC-15,WD,-,-,soil-only control (GX)
-,-,-,-,-,-,-,B5,SC-16,WD,-,-,soil-only control (GX)
-,-,-,-,-,-,-,B4,SC-17,WW,-,-,soil-only control (GX)
-,-,-,-,-,-,-,B3,SC-18,WW,-,-,soil-only control (GX)
-,-,-,-,-,-,-,B2,SC-19,WW,-,-,soil-only control (GX)
-,-,-,-,-,-,-,B1,SC-20,WD,-,-,soil-only control (GX)
SK,SK,GX,SK,2018-10-01,2018-10-15,2018-10-01,B2,SEAC-01,WW,40,9.388,"changed from ""B1"" to ""B2"" (GX)"
SK,SK,GX,SK,2018-10-02,2018-10-15,2018-10-02,B2,SEAC-02,WW,55,8.241,
GX,GX,GX,GX,2018-10-01,2018-10-16,2018-10-01,B2,SEAC-03,WD,32,5.06,
SK,SK,GX,SK,2018-10-01,2018-10-15,2018-10-01,B3,SEAC-04,WW,53,8.407,
GX,GX,GX,GX,2018-10-01,2018-10-16,2018-10-01,B5,SEAC-05,WW,65,7,
GK,GX,AR,GK,2018-10-12,2018-10-22,2018-10-12,B5,SEAC-06,WD,61,16,
SK,SK,GX,SK,2018-10-01,2018-10-15,2018-10-01,B5,SEAC-07,WD,54,9.49,
GX,GX,GX,GX,2018-10-01,2018-10-16,2018-10-01,B4,SEAC-08,WW,49,4.15,
GX,GX,GX,GX,2018-10-01,2018-10-16,2018-10-01,B1,SEAC-09,WW,67,7,
GK,GX,GX,GK,2018-10-01,2018-10-22,2018-10-01,B3,SEAC-10,WW,84,8.37,No treatment symbol written on bag (GK); should be WW based off the aboveground traits database (GX)
SK,SK,GX,SK,2018-10-01,2018-10-15,2018-10-01,B1,SEAC-11,WD,57,5.728,
GX,GX,GX,GX,2018-10-01,2018-10-16,2018-10-01,B1,SEAC-12,WW,16,1.73,
GX,GX,GX,GX,2018-10-02,2018-10-22,2018-10-02,B2,SEAC-13,WD,62,5.62,
SK,SK,GX,SK,2018-10-02,2018-10-15,2018-10-02,B4,SEAC-14,WW,65,7.65,
SK,SK,GX,SK,2018-10-02,2018-10-15,2018-10-02,B3,SEAC-15,WD,78,11.447,
SK,SK,GX,SK,2018-10-02,2018-10-15,2018-10-02,B4,SEAC-16,WD,80,8.635,"changed from ""B3"" to ""B4"" (GX)"
SK,SK,GX,SK,2018-10-02,2018-10-15,2018-10-02,B1,SEAC-17,WD,89,2.823,
GX,GX,GX,GX,2018-10-01,2018-10-15,2018-10-01,B4,SEAC-18,WD,129,8.24,
GX,GX,GX,GX,2018-10-01,2018-10-16,2018-10-01,B3,SEAC-19,WD,98,4,
SK,SK,GX,SK,2018-10-01,2018-10-15,2018-10-01,B5,SEAC-20,WW,89,17.264,
GX,SK,RI,GX,2018-10-04,2018-10-16,2018-10-04,B3,SEAL-01,WD,92,13,
GK,-,-,GK,2018-10-12,2018-10-22,-,B2,SEAL-02 ,WW,-,26,missing aboveground fresh weight (GX)
GX,GX,AR,GX,2018-10-12,2018-10-22,2018-10-12,B3,SEAL-03,WD,86,9.94,
GX,SK,RI,GX,2018-10-04,2018-10-16,2018-10-04,B1,SEAL-04,WD,96,11,
GK,GX,GX,GK,2018-10-12,2018-10-22,2018-10-12,B1,SEAL-05,WW,51,6.21,
GX,GX,AR,GX,2018-10-12,2018-11-18,2018-10-12,B5,SEAL-06,WW,100,9.5507,"changed from ""B3"" to ""B5"" (GX)"
GK,GX,AR,GK,2018-10-12,2018-10-22,2018-10-12,B1,SEAL-07,WW,52,17.17,
GX,GX,AR,GX,2018-10-12,2018-10-22,2018-10-12,B2,SEAL-08,WD,83,14.3,
GX,SK,RI,GX,2018-10-04,2018-10-16,2018-10-04,B3,SEAL-09,WW,98,14,
GX,RI,RI,GX,2018-10-04,2018-10-16,2018-10-04,B4,SEAL-10,WW,53,7,
GK,GK,GK,GK,2018-10-12,2018-10-22,2018-10-12,B4,SEAL-11,WW,86,29,
GX,SK,RI,GX,2018-10-04,2018-10-16,2018-10-04,B2,SEAL-12,WD,86,11,
GX,SK,RI,GX,2018-10-04,2018-10-16,2018-10-04,B2,SEAL-13,WW,93,13,
GK,GX,GX,GK,2018-10-12,2018-10-22,2018-10-12,B1,SEAL-14,WD,146,18,
GX,SK,RI,GX,2018-10-04,2018-10-16,2018-10-04,B5,SEAL-15,WW,80,8.51,
GX,SK,RI,GX,2018-10-04,2018-10-15,2018-10-04,B3,SEAL-16,WW,79,9,
GX,GX,AR,GX,2018-10-12,2018-10-24,2018-10-12,B4,SEAL-17,WD,74,16.43,
GK,GX,GX,GK,2018-10-11,2018-10-22,2018-10-11,B5,SEAL-18,WD,54,10.95,
GK,KW,GX,GK,2018-09-24,2018-10-22,2018-10-03,B5,SEAL-19,WD,91,24,I weighed the biomass again and changed the dry date and weight of the biomass for this and removed the initials and put mine in (??)
GX,GX,AR,GX,2018-10-12,2018-10-30,2018-10-12,B4,SEAL-20,WD,84,11.25,
GK,SK,RI,GK,2018-10-04,2018-10-22,2018-10-04,B4,SESE-01,WD,87,14.37,there are two initials on the bag (SK)
GK,LB,LB,GK,2018-10-12,2018-10-24,2018-10-12,B4,SESE-02,WW,55,7.68,"changed to ""B4-SESE-02-WW"" (GX)"
GX,GX,GX,GX,2018-10-11,2018-10-??,2018-10-11,B2,SESE-03,WW,66,10.94,typo; changed from WD to WW (GX)
GK,SK,RI,GK,2018-10-04,2018-10-22,2018-10-04,B5,SESE-04,WW,69,9.35,
GX,GX,AR,GX,2018-10-11,2018-10-22,2018-10-11,B5,SESE-05,WD,69,11.9,
GX,KW,GX,GK,2018-09-24,2018-10-04,2018-10-03,B5,SESE-06,WD,50,6.31,
GK,GX,AR,GK,2018-10-12,2018-10-22,2018-10-12,B2,SESE-07,WD,91,17,
GX,GX,AR,GX,2018-10-12,2018-10-26,2018-10-12,B2,SESE-08,WW,88,12.91,
GK,GX,AR,GK,2018-10-12,2018-10-22,2018-10-12,B1,SESE-09,WW,59,8.35,
GX,SK,RI,GX,2018-10-04,2018-10-16,2018-10-04,B2,SESE-10,WD,82,9,
GX,SK,RI,GX,2018-10-04,2018-10-16,2018-10-04,B3,SESE-11,WD,83,10,
GK,GX,AR,GK,2018-10-12,2018-10-22,2018-10-12,B4,SESE-12,WD,56,7.15,
GX,GX,GX,GX,2018-10-12,2018-10-22,2018-10-12,B3,SESE-13,WW,63,10.42,changed from WD to WW - typo (GX)
GX,SK,RI,GX,2018-10-04,2018-10-16,2018-10-04,B5,SESE-14,WW,72,11,
GX,SK,RI,GX,2018-10-04,2018-10-16,2018-10-04,B4,SESE-15,WW,67,9,
GK,SK,RI,GK,2018-10-04,2018-10-22,2018-10-04,B3,SESE-16,WW,69,10.86,
GK,GX,AR,GX,2018-10-12,2018-10-26,2018-10-12,B3,SESE-17,WD,64,9.04,
GK,GX,GX,GK,2018-10-12,2018-10-22,2018-10-12,B1,SESE-18,WD,75,28,
GX,GX,AR,GX,2018-10-18,2018-10-22,2018-10-18,B1,SESE-19,WW,43,5.56,typo; changed from WD to WW (GX)
GK,GX,AR,GK,2018-10-11,2018-10-22,2018-10-11,B1,SESE-20,WD,67,8.48,Change record date for fresh date (10/12) to date on bag
LB,KW,GX,LB,2018-09-26,2018-10-04,2018-10-03,B5,SITR-01,WW,4.59,1.6422,
LB,KW,GX,LB,2018-09-28,2018-10-04,2018-10-03,B2,SITR-02,WD,9,3.4085,
RI,RI,GX,GX,2018-10-04,2018-09-26,2018-09-24,B3,SITR-03,WD,9.8,3.42,assume that dry weight was taken at 9/26 (RI)
LB,KW,GX,LB,2018-09-28,2018-10-04,2018-10-03,B1,SITR-04,WW,4,1.3652,
LB,KW,GX,LB,2018-09-28,2018-10-04,2018-10-03,B1,SITR-05,WD,0.0459,0.0272,
LB,KW,GX,LB,2018-09-27,2018-10-04,2018-10-03,B2,SITR-06,WW,0.848,0.2497,
GX,,,GX,2018-09-27,2018-10-16,2018-09-27,B1,SITR-07,WD,4.931,1.62,
LB,KW,GX,LB,2018-09-27,2018-10-04,2018-10-03,B3,SITR-08,WW,3.295,1.5098,
RI,RI,BK,GX,2018-10-04,2018-09-26,2018-09-24,B5,SITR-09,WD,6.9592,2.41,assume that dry weight was taken at 9/26 (RI)
LB,KW,GX,LB,2018-09-28,2018-10-04,2018-10-03,B4,SITR-10,WW,4,1.6695,block was hard to read (KW)
LB,KW,GX,LB,2018-09-27,2018-10-04,2018-10-03,B1,SITR-11,WW,1.58,0.7291,
SK,SK,GK,GX,2018-09-24,2018-09-26,2018-09-24,B4,SITR-12,WD,4.6061,1.7021,assume that dry weight was taken at 9/26 (SK)
LB,KW,GX,LB,2018-09-28,2018-10-04,2018-10-03,B3,SITR-13,WW,7,2.2051,
LB,KW,GX,LB,2018-09-27,2018-10-04,2018-10-03,B3,SITR-14,WD,3.74,1.291,
RI,RI,GK,GX,2018-10-04,2018-09-26,2018-09-24,B5,SITR-15,WD,9.0956,3.35,assume that dry weight was taken at 9/26 (RI)
SK,SK,GK,GX,2018-10-04,2018-09-26,2018-09-24,B4,SITR-16,WD,9.4911,3.5,assume that dry weight was taken at 9/26 (SK)
LB,KW,GX,LB,2018-09-27,2018-10-04,2018-10-03,B4,SITR-17,WW,0.128,0.082,
LB,KW,GX,LB,2018-09-28,2018-10-04,2018-10-03,B2,SITR-18,WW,8,3.3041,
LB,KW,GX,LB,2018-09-25,2018-10-04,2018-10-03,B5,SITR-19,WW,6.195,2.3729,
LB,KW,GX,LB,2018-09-26,2018-10-04,2018-10-03,B2,SITR-20,WD,5.41,1.9761,
KW,GX,GX,KW,2018-10-06,-,2018-10-06,B5,SOBI-01,WW,21,9,
GX,KW,RI,GX,2018-10-05,2018-10-22,2018-10-05,B2,SOBI-02,WW,35,19,
KW,GX,GX,KW,2018-10-06,-,2018-10-06,B4,SOBI-03,WW,24,10,
GX,KW,KW,GX,2018-10-05,2018-10-22,2018-10-05,B4,SOBI-04,WD,29,14,
KW,GX,GX,KW,2018-10-07,-,2018-10-07,B1,SOBI-05,WD,28,9,
GK,KW,RI,GK,2018-10-05,2018-10-22,2018-10-05,B4,SOBI-06,WW,32,16,
KW,GX,GX,KW,2018-10-07,-,2018-10-07,B4,SOBI-07,WD,20,9,
KW,GX,GX,KW,2018-10-07,-,2018-10-07,B5,SOBI-08,WD,21,9,
KW,GX,GX,KW,2018-10-06,,2018-10-15,B2,SOBI-09,WD,27,11,
KW,GX,GX,KW,2018-10-07,,2018-10-07,B3,SOBI-10,WD,21,8,
KW,GX,GX,KW,2018-10-07,-,2018-10-07,B1,SOBI-11,WW,24,9,
LB,KW,GX,LB,2018-09-25,2018-10-04,2018-10-03,B5,SOBI-12,WD,33,13,
KW,GX,GX,KW,2018-10-06,-,2018-10-06,B2,SOBI-13,WD,22,8,
KW,GX,GX,KW,2018-10-06,-,2018-10-06,B3,SOBI-14,WW,31,11,
KW,GX,GX,KW,2018-10-06,,2018-10-06,B2,SOBI-15,WW,27,8,
KW,GX,GX,KW,2018-10-06,-,2018-10-15,B3,SOBI-16,WW,28,10,"typo; changed from ""B5"" to ""B3"" (GX)"
KW,GX,GX,KW,2018-10-07,-,2018-10-07,B1,SOBI-17,WD,24,10,
KW,GX,GX,KW,2018-10-07,-,2018-10-07,B5,SOBI-18,WW,22,9,
KW,GX,GX,KW,2018-10-06,-,2018-10-06,B3,SOBI-19,WD,3.09,0.8112,
KW,GX,GX,KW,2018-10-06,-,2018-10-06,B1,SOBI-20,WW,20,6,"should be ""B1"" instead of ""B2"""
GX,KW,AR,GX,2018-10-05,2018-10-16,2018-10-05,B3,SYNO-01,WW,39,17,
GK,KW,AR,GK,2018-10-05,2018-10-22,2018-10-05,B2,SYNO-02,WW,23,10,
GK,KW,RI,GK,2018-10-05,2018-10-22,2018-10-05,B3,SYNO-03,WD,30,13,
KW,GX,GX,KW,2018-10-06,-,2018-10-06,B5,SYNO-04,WW,28,8,
LB,KW,GX,LB,2018-09-25,2018-10-04,2018-10-03,B4,SYNO-05,WD,29,14,
GX,KW,RI,GX,2018-10-05,2018-10-22,2018-10-05,B5,SYNO-06,WD,23,8.46,
GX,KW,AR,GX,2018-10-05,2018-10-22,2018-10-05,B3,SYNO-07,WW,39,16,
KW,GX,GX,KW,2018-10-06,-,2018-10-06,B5,SYNO-08,WW,23,5,
KW,GX,GX,KW,2018-10-06,-,2018-10-06,B1,SYNO-09,WD,30,7,
GX,KW,AR,GX,2018-10-05,2018-10-16,2018-10-05,B4,SYNO-10,WD,23,9,
GX,KW,GX,GX,2018-10-05,2018-10-22,2018-10-05,B1,SYNO-11,WD,23,7.85,
GX,KW,RI,GX,2018-10-05,2018-10-22,2018-10-05,B3,SYNO-12,WD,20,8.71,
GX,KW,AR,GX,2018-10-05,2018-10-22,2018-10-05,B1,SYNO-13,WW,31,14,
GK,KW,AR,GK,2018-10-05,2018-10-22,2018-10-05,B1,SYNO-14,WW,25,12,
GX,KW,KW,GX,2018-10-05,2018-10-22,2018-10-05,B4,SYNO-15,WW,18,12,
GK,KW,RI,GK,2018-10-05,2018-10-22,2018-10-05,B2,SYNO-16,WW,31,12,
GX,KW,KW,GX,2018-10-05,2018-10-16,2018-10-05,B2,SYNO-17,WD,38,13,
GK,KW,GX,GK,2018-10-05,2018-10-22,2018-10-05,B4,SYNO-18,WW,34,18,
GX,KW,AR,GX,2018-10-05,2018-10-22,2018-10-05,B2,SYNO-19,WD,31,15,
GX,SK,RI,GX,2018-10-04,2018-10-16,2018-10-04,B5,SYNO-20,WD,10,2.28,
LB,KW,GX,LB,2018-09-25,2018-10-04,2018-10-03,B1,VAMA-01,WW,0.0337,0.0157,
-,-,-,-,-,-,-,B3,VAMA-02,WW,-,-,dead plant
-,-,-,-,-,-,-,B2,VAMA-03,WD,-,-,dead plant
-,-,-,-,-,-,-,B5,VAMA-04,WD,-,-,dead plant
-,-,-,-,-,-,-,B5,VAMA-05,WD,-,-,dead plant
-,-,-,-,-,-,-,B4,VAMA-06,WD,-,-,dead plant
LB,KW,GX,LB,2018-09-25,2018-10-04,2018-10-03,B3,VAMA-07,WD,0.0487,0.0378,
-,-,-,-,-,-,-,B4,VAMA-08,WD,-,-,dead plant
SK,SK,GX,SK,2018-10-15,2018-10-15,2018-10-01,B2,VAMA-09,WW,0.001,0.0032,ABD is larger than ABF. (SK)
-,-,-,-,-,-,-,B2,VAMA-10,WW,-,-,dead plant
-,-,-,-,-,-,-,B5,VAMA-11,WW,-,-,dead plant
-,-,-,-,-,-,-,B3,VAMA-12,WD,-,-,dead plant
-,-,-,-,-,-,-,B4,VAMA-13,WD,-,-,dead plant
LB,KW,GX,LB,2018-09-25,2018-10-04,2018-10-03,B4,VAMA-14,WW,0.0112,0.0087,
-,-,-,-,-,-,-,B1,VAMA-15,WW,-,-,dead plant
-,-,-,-,-,-,-,B1,VAMA-16,WD,-,-,dead plant
-,-,-,-,-,-,-,B2,VAMA-17,WD,-,-,dead plant
-,-,-,-,-,-,-,B3,VAMA-18,WW,-,-,dead plant
-,-,-,-,-,-,-,B1,VAMA-19,WD,-,0.013,missing bag - extrapolated from VAMA-20 (GX)
SK,SK,GX,SK,2018-10-15,2018-10-15,2018-09-27,B1,VAMA-20,WD,0.026,0.013,
